"A0338","521-523 S 17TH, Newark, NJ, ","Match","Non_Exact","523 S 17TH ST, NEWARK, NJ, 07103","-74.208427714769,40.738106423692","63485463","R","34","013","002600","1008"
"A0156","290 GREEN ST, San Francisco, CA, ","Tie"
"A0376","ST JAMES ST, Roxbury, MA, ","No_Match"
"A0098","WILLOWWOOD ST, Dorchester, MA, ","No_Match"
"A0352","40-42 MT PROSPECT AVE, Newark, NJ, ","Tie"
"A0115","397 5TH AV, San Francisco, CA, ","Match","Exact","397 5TH AVE, SAN FRANCISCO, CA, 94118","-122.46329611176,37.78123618708","192281868","R","06","075","040100","3004"
"A0357","173 7TH ST, San Francisco, CA, ","Match","Exact","173 7TH ST, SAN FRANCISCO, CA, 94103","-122.409540179118,37.778180361844","192287400","L","06","075","017602","1003"
"A0279","90 KENSINGTON AVE., Jersey City, NJ, ","Tie"
"A0380","GREENVILLE ST, Roxbury, MA, ","No_Match"
"A0009","322-322.5 Western Ave, Cambridge, MA, ","Tie"
"A0229","5164 3RD ST, San Francisco, CA, ","Match","Exact","5164 3RD ST, SAN FRANCISCO, CA, 94124","-122.392090570269,37.731288264664","192290952","R","06","075","023003","1004"
"A0328","1845 8TH AV, San Francisco, CA, ","Match","Exact","1845 8TH AVE, SAN FRANCISCO, CA, 94122","-122.464604457855,37.753910517548","192282554","R","06","075","030301","3008"
"A0428","312-314 MT PROSPECT AVE, Newark, NJ, ","Tie"
"A0128","Harvard ST, Dorchester, MA, ","No_Match"
"A0364","125 3RD AV, San Francisco, CA, ","Match","Exact","125 3RD AVE, SAN FRANCISCO, CA, 94118","-122.461516266857,37.786437508473","192278986","R","06","075","040100","1002"
"A0343","408-410 5TH ST, Newark, NJ, ","Match","Non_Exact","410 N 5TH ST, NEWARK, NJ, 07107","-74.184299638763,40.762180695094","63494778","L","34","013","000800","1005"
"A0384","21 GUERRERO ST, San Francisco, CA, ","No_Match"
"A0484","1801 8TH AV, San Francisco, CA, ","Match","Exact","1801 8TH AVE, SAN FRANCISCO, CA, 94122","-122.464658373009,37.754690646826","192282554","R","06","075","030301","3008"
"A0346","AUBURN DR, San Diego, CA, ","No_Match"
"A0168","600 JACKSON/601 HARRISON, Hoboken, NJ, ","No_Match"
"A0400","174 MT PROSPECT AVE, Newark, NJ, ","Tie"
"A0291","165 Cambridgepark Dr, Cambridge, MA, ","Tie"
"A0295","Harvard ST LOT 2A-13, Dorchester, MA, ","No_Match"
